{
    "loss": 2.002157688140869,
    "accuracy": 0.4615384638309479
}