{
    "loss": 30.769704818725586,
    "accuracy": 0.692307710647583
}